{
  "axe": [
    [
      0.0, 
      0.0, 
      0.0, 
      1.0
    ], 
    [
      0.782692551612854, 
      -7.5999999046325684, 
      1.4699777364730835
    ]
  ], 
  "baker": [
    [
      0.0, 
      0.0, 
      0.0, 
      1.0
    ], 
    [
      2.4880962371826172, 
      -7.5999999046325684, 
      1.4699777364730835
    ]
  ], 
  "chassis_link": [
    [
      -0.0014605211195684148, 
      0.0014606024938776411, 
      0.70709132513160022, 
      0.70711922010510486
    ], 
    [
      4.2199997901916504, 
      -8.6994447708129883, 
      0.24094726145267487
    ]
  ], 
  "chewie": [
    [
      0.0, 
      0.0, 
      0.0, 
      1.0
    ], 
    [
      3.0605096817016602, 
      -7.5999999046325684, 
      1.4699777364730835
    ]
  ], 
  "dagger": [
    [
      0.0, 
      0.0, 
      0.0, 
      1.0
    ], 
    [
      4.6100621223449707, 
      -7.5999999046325684, 
      1.4699777364730835
    ]
  ], 
  "dishwasher": [
    [
      0.0, 
      0.0, 
      0.0, 
      1.0
    ], 
    [
      2.0793349742889404, 
      -7.6022205352783203, 
      -4.6000002384971594e-07
    ]
  ], 
  "echo": [
    [
      0.0, 
      0.0, 
      0.0, 
      1.0
    ], 
    [
      0.5437312126159668, 
      -7.5999999046325684, 
      0.0
    ]
  ], 
  "extractor_hood": [
    [
      0.0, 
      0.0, 
      0.0, 
      1.0
    ], 
    [
      3.8353796005249023, 
      -7.6009459495544434, 
      1.531379222869873
    ]
  ], 
  "fox": [
    [
      0.0, 
      0.0, 
      0.0, 
      1.0
    ], 
    [
      0.93264806270599365, 
      -7.5999999046325684, 
      0.0
    ]
  ], 
  "fridge": [
    [
      0.0, 
      0.0, 
      0.0, 
      1.0
    ], 
    [
      -0.57473677396774292, 
      -7.6358094215393066, 
      -1.4999999109477358e-07
    ]
  ], 
  "golf": [
    [
      0.0, 
      0.0, 
      0.0, 
      1.0
    ], 
    [
      1.6117554903030396, 
      -7.5999999046325684, 
      0.0
    ]
  ], 
  "hitman": [
    [
      0.0, 
      0.0, 
      0.0, 
      1.0
    ], 
    [
      3.0780844688415527, 
      -7.5999999046325684, 
      0.0
    ]
  ], 
  "indigo": [
    [
      0.0, 
      0.0, 
      0.0, 
      1.0
    ], 
    [
      4.6168627738952637, 
      -7.5999999046325684, 
      0.0
    ]
  ], 
  "range": [
    [
      0.0, 
      0.0, 
      0.0, 
      1.0
    ], 
    [
      3.4674575328826904, 
      -7.5999999046325684, 
      0.0
    ]
  ], 
  "table": [
    [
      0.0, 
      0.0, 
      0.7071073474304318, 
      0.7071062149422096
    ], 
    [
      1.8239818811416626, 
      -10.938592910766602, 
      0.37499984741211279
    ]
  ], 
  "zed_left": [
    [
      0.85540111149804055, 
      0.14052888582964329, 
      -0.065989057448895799, 
      -0.494151813709514
    ], 
    [
      4.5999999046325684, 
      -8.8000001907348633, 
      1.7000000476837158
    ]
  ]
}