{
  "axe": [
    [
      -0.37000009536743228, 
      -2.6373074483871433, 
      0.0099777364730835316
    ], 
    [
      0.0, 
      0.0, 
      0.70710678118654757, 
      0.70710678118654746
    ]
  ], 
  "baker": [
    [
      -0.37000009536743317, 
      -0.93190376281738008, 
      0.0099777364730835316
    ], 
    [
      0.0, 
      0.0, 
      0.70710678118654757, 
      0.70710678118654746
    ]
  ], 
  "chassis_link": [
    [
      0.72944477081298587, 
      0.79999979019165313, 
      -1.2190527385473251
    ], 
    [
      -0.0020655463157518571, 
      5.7540325868062326e-08, 
      0.99999786656239875, 
      1.9724724925916221e-05
    ]
  ], 
  "chewie": [
    [
      -0.37000009536743317, 
      -0.35949031829833711, 
      0.0099777364730835316
    ], 
    [
      0.0, 
      0.0, 
      0.70710678118654757, 
      0.70710678118654746
    ]
  ], 
  "dagger": [
    [
      -0.37000009536743317, 
      1.1900621223449734, 
      0.0099777364730835316
    ], 
    [
      0.0, 
      0.0, 
      0.70710678118654757, 
      0.70710678118654746
    ]
  ], 
  "dishwasher": [
    [
      -0.36777946472168122, 
      -1.3406650257110568, 
      -1.4600004600000238
    ], 
    [
      0.0, 
      0.0, 
      0.70710678118654757, 
      0.70710678118654746
    ]
  ], 
  "echo": [
    [
      -0.37000009536743228, 
      -2.8762687873840305, 
      -1.46
    ], 
    [
      0.0, 
      0.0, 
      0.70710678118654757, 
      0.70710678118654746
    ]
  ], 
  "extractor_hood": [
    [
      -0.36905405044555817, 
      0.41537960052490508, 
      0.071379222869873082
    ], 
    [
      0.0, 
      0.0, 
      0.70710678118654757, 
      0.70710678118654746
    ]
  ], 
  "fox": [
    [
      -0.37000009536743228, 
      -2.4873519372940036, 
      -1.46
    ], 
    [
      0.0, 
      0.0, 
      0.70710678118654757, 
      0.70710678118654746
    ]
  ], 
  "fridge": [
    [
      -0.334190578460694, 
      -3.9947367739677402, 
      -1.4600001499999911
    ], 
    [
      0.0, 
      0.0, 
      0.70710678118654757, 
      0.70710678118654746
    ]
  ], 
  "golf": [
    [
      -0.37000009536743228, 
      -1.8082445096969577, 
      -1.46
    ], 
    [
      0.0, 
      0.0, 
      0.70710678118654757, 
      0.70710678118654746
    ]
  ], 
  "hitman": [
    [
      -0.37000009536743317, 
      -0.34191553115844453, 
      -1.46
    ], 
    [
      0.0, 
      0.0, 
      0.70710678118654757, 
      0.70710678118654746
    ]
  ], 
  "indigo": [
    [
      -0.37000009536743317, 
      1.1968627738952664, 
      -1.46
    ], 
    [
      0.0, 
      0.0, 
      0.70710678118654757, 
      0.70710678118654746
    ]
  ], 
  "range": [
    [
      -0.37000009536743317, 
      0.047457532882693165, 
      -1.46
    ], 
    [
      0.0, 
      0.0, 
      0.70710678118654757, 
      0.70710678118654746
    ]
  ], 
  "table": [
    [
      2.9685929107666009, 
      -1.596018118858334, 
      -1.4600001525878872
    ], 
    [
      0.0, 
      0.0, 
      0.99999999999967937, 
      -8.0079010167403293e-07
    ]
  ], 
  "zed_left": [
    [
      0.83000019073486087, 
      1.1799999046325711, 
      0.24000004768371586
    ], 
    [
      -0.2554418281651456, 
      -0.052707618116508051, 
      0.95427802498440328, 
      -0.14603023812895388
    ]
  ]
}